{"origin": [0.36887826819574576, 0.16158605928145492, 0.06708383363911513, 2.078384962240908, 2.286272250023914, 0.07469136376612633], "xAxis": [0.4189793095060137, -0.22089179287656377, 0.06541164110276745, 2.0787274484589107, 2.3260952963992723, 0.04439083768408633], "xyPlane": [0.7490162028474827, 0.20523788925408717, 0.06945983502184819, -2.1188308543919874, -2.3111784507566693, -0.03390817114937592], "home": [0.3941596843355828, -0.029896945188783167, 0.2903014648531703, -2.0866796847993627, -2.330341090362003, -0.009645439341407656], "drop": [0.616132463009239, -0.3698196118566539, 0.27088809153535026, 1.9655561638024202, 2.44870617017947, 0.013233708726861599]}