{"origin": [0.3649929795424531, 0.17106362742477524, 0.08543339720263532, 2.002444327503111, 2.392291114229986, 0.06073768005242396], "xAxis": [0.427977901409979, -0.20949843900917256, 0.08589339539295826, -2.0621382974173526, -2.3696580649816936, -0.020283780979429695], "xyPlane": [0.736094049173207, 0.23076746467733747, 0.09322104372667134, 2.074324505107721, 2.305501948152046, 0.05976337578332107], "home": [0.39482420672200563, -0.015766464311478334, 0.33342937187130894, 1.9763755749507719, 2.4118300024054156, -0.0002260657610474676], "drop": [0.6135205237947968, -0.35580192149393486, 0.38802435496621035, -2.332504847351909, -2.101592326898227, 0.054322550574671516]}