{"origin": [-0.317871586577116, 0.7223208354754482, 0.061867066580690716, 3.137157972267681, 0.00888894890605139, -0.14027307012822737], "xAxis": [-0.308281294240094, 0.339923790975786, 0.05739598639895818, 3.0616000138982233, 0.0723433316458368, -0.13658604877985156], "xyPlane": [0.06838565528489837, 0.7219403074389295, 0.05763095691649853, -3.1258258762673554, 0.1287712495440278, -0.03129306470675745], "home": [-0.09724241834927796, 0.2782519516490036, 0.41329808889639474, 3.1213074104913003, -0.16942905119899573, -0.030507627575175462], "drop": [0.21376804999089014, 0.2975374435603791, 0.17371461916245556, 2.764455491809771, -1.4238450133855007, -0.02615234934014622]}