{"origin": [0.3662882197810677, 0.16820826566678562, 0.06733029444463598, -2.124343128949111, -2.2708159842735776, -0.00612689743622015], "xAxis": [0.43242778808934773, -0.21228674320293842, 0.0673189660246013, -1.9999079749649522, -2.4160979475945337, 0.018219026707408367], "xyPlane": [0.7405408741123174, 0.23325464714611044, 0.06949850072049113, 2.081064970312866, 2.283015433727911, 0.017109133283912874], "home": [0.33184075063441243, -0.0322049227155867, 0.2357480341007844, 2.1170126753647667, 2.301448838294488, 0.036406293105651306], "drop": [0.6692371813884035, -0.3667774586466728, 0.23103625140244946, -2.006640519374587, -2.3421924663116322, 0.06817223719576868]}